name,price
Samsung Galaxy S23 Ultra,1199.99
Samsung Galaxy S23,799.99
Samsung Galaxy S22,699.99
Samsung Galaxy Z Fold5 - 5G,1799.99
Samsung Galaxy Z Flip5 - 5G,999.99
Samsung Galaxy A54 5G - 5G,499.99
Samsung Galaxy S23 Ultra - 5G,1199.99
Samsung Galaxy S23+ - 5G,999.99
Samsung Galaxy S21 FE 5G,599.99
Samsung Galaxy S23+,999.99
Samsung Galaxy Z Fold5,1799.99
Samsung Galaxy Z Flip5,999.99
Samsung Galaxy S23 - 5G,799.99
Samsung Galaxy A23 5G UW - 5G,349.99
Samsung Galaxy Z Flip4 - 5G,999.99
Samsung Galaxy Z Fold4 - 5G,1919.99
Samsung Galaxy S22+ - 5G,999.99
Samsung Galaxy A42 5G - 5G,359.99
Samsung Galaxy S22 Ultra - 5G,1199.99
Samsung Galaxy S22 - 5G,699.99
Samsung Galaxy Z Fold3 5G - 5G,1799.99
Samsung Galaxy Z Flip3 5G - 5G,999.99
Samsung Galaxy S21 FE 5G - 5G,599.99
Samsung Galaxy S20 FE 5G UW - 5G,599.99
Samsung Galaxy A53 5G UW - 5G,499.99
Samsung Galaxy A54 5G,499.99
Samsung Galaxy A42 5G,359.99
Samsung Galaxy S22 Ultra,1199.99
Samsung Galaxy S21 FE 5G (Certified Pre-Owned),419.99
Samsung Galaxy S21 Ultra 5G (Certified Pre-Owned),784.99
Samsung Galaxy Z Flip4,999.99
Samsung Galaxy Z Fold3 5G,1799.99
Samsung Galaxy S21 5G (Certified Pre-Owned),474.99
Samsung Galaxy S21+ 5G (Certified Pre-Owned),669.99
Samsung Galaxy S22+,999.99
Samsung Galaxy S23 (Certified Pre-Owned),724.99
Samsung Galaxy S20 5G UW (Certified Pre-Owned),749.99
Samsung Galaxy Note20 5G (Certified Pre-Owned),664.99
Samsung Galaxy S20 Ultra 5G (Certified Pre-Owned),659.99
Samsung Galaxy Note20 Ultra 5G (Certified Pre-Owned),709.99
Samsung Galaxy S22 (Certified Pre-Owned),534.99
Samsung Galaxy S22+ (Certified Pre-Owned),704.99
