name,price
Apple iPhone 15 Pro - 5G,999.99
Apple iPhone 15 - 5G,829.99
Apple iPhone 15,829.99
Apple iPhone 15 Pro,999.99
Apple iPhone 15 Pro Max - 5G,1199.99
Apple iPhone 15 Plus - 5G,929.99
Apple iPhone 14 Pro - 5G,899.99
Apple iPhone 14 - 5G,729.99
Apple iPhone 14 Plus - 5G,829.99
Apple iPhone 14 Pro Max - 5G,999.99
Apple iPhone 14,729.99
Apple iPhone 14 Pro Max,999.99
Apple iPhone 14 Pro,899.99
Apple iPhone 15 Pro Max,1199.99
Apple iPhone 15 Plus,929.99
Apple iPhone 14 Plus,829.99
Apple iPhone 13 - 5G,629.99
Apple iPhone 13 mini - 5G,599.99
Apple iPhone 13,629.99
Apple iPhone 12 - 5G,599.99
Apple iPhone SE (3rd Gen) - 5G,429.99
Apple iPhone SE (3rd Gen),429.99
Apple iPhone 12,599.99
Apple iPhone 13 mini,599.99
Apple iPhone SE 2020 (Certified Pre-Owned),175.99
Apple iPhone 11 (Certified Pre-Owned),254.99
Apple iPhone 13 mini (Certified Pre-Owned),519.99
Apple iPhone 13 (Certified Pre-Owned),484.99
Apple iPhone 12 (Certified Pre-Owned),324.99
Apple iPhone 14 (Certified Pre-Owned),664.99
Apple iPhone 13 Pro (Certified Pre-Owned),754.99
Apple iPhone XR (Certified Pre-Owned),248.99
Apple iPhone 12 mini (Certified Pre-Owned),298.99
Apple iPhone 13 Pro Max (Certified Pre-Owned),914.99
Apple iPhone 12 Pro (Certified Pre-Owned),494.99
Apple iPhone 14 Pro (Certified Pre-Owned),1329.99
